Question,Answer
"What is the sales funnel, and why is it important?","A sales funnel represents the stages a prospect goes through before becoming a customer, typically including Awareness, Interest, Decision, and Action. It helps businesses track and optimize their sales process."
How can I generate high-quality leads for my business?,"To generate high-quality leads, use a combination of content marketing, social media engagement, email campaigns, SEO, paid ads, and networking. Personalization and targeted outreach also improve lead quality."
What are the best strategies for closing a deal?,"Some effective strategies include active listening, addressing objections, demonstrating value, creating urgency, and building strong relationships. A consultative approach often leads to better conversions."
How can I handle customer objections effectively?,"Acknowledge the objection, ask clarifying questions, provide relevant information or solutions, and reinforce the benefits of your product/service. Understanding the customer’s concerns and addressing them with confidence builds trust."
"What is consultative selling, and how does it work?","Consultative selling focuses on understanding a customer's pain points and needs before offering a solution. Instead of pushing a product, sales reps act as advisors, guiding the prospect toward the best solution for them."
How can I improve my sales pitch?,"A great sales pitch should be concise, engaging, and customer-focused. Use storytelling, highlight key benefits, anticipate objections, and include social proof to make it more compelling."
What are the key metrics to track in sales?,"Important sales metrics include:

Conversion Rate

Sales Cycle Length

Customer Acquisition Cost (CAC)

Average Deal Size

Customer Lifetime Value (CLV)"
How can I use social media for sales?,"Use social media to engage with prospects, share valuable content, run targeted ads, and build relationships. LinkedIn, Twitter, and Instagram are powerful platforms for B2B and B2C sales."
How do I follow up with a prospect without being pushy?,"Use a value-driven approach by sharing insights, case studies, or helpful resources. Follow up at appropriate intervals and personalize each message based on the prospect’s needs and interactions."
What is the best way to retain existing customers?,"Provide excellent customer service, personalized follow-ups, loyalty programs, regular engagement, and ongoing value through educational content, discounts, or exclusive offers."
